strategy,Model Output,Rating
"**Marching Fire:** A suppressive technique wherein advancing infantry continuously deliver small arms fire while in motion. This tactic forces enemy forces to adopt a defensive posture, thereby reducing their capacity to mount an effective counteroffensive.","Here are the cross-mapped relationships between AI warfare concepts and Marching Fire tactics:

1. ""Continuous Model Generation"" × ""Suppressive Fire""
Connection: AI systems could generate a constant stream of deceptive data patterns and false signals, overwhelming enemy detection systems similar to how continuous fire suppresses enemy movement.

2. ""AI Swarming"" × ""Advancing While Firing""
Connection: Coordinated AI systems could move forward while simultaneously executing disruptive actions, mirroring infantry advancing under covering fire.

3. ""Predictive Response"" × ""Enemy Posture Control""
Connection: AI systems could predict and preemptively counter enemy actions, forcing them into reactive defensive positions just as marching fire forces defensive positioning.

4. ""Resource Saturation"" × ""Movement Under Fire""
Connection: AI could flood enemy systems with data while advancing its own objectives, similar to how marching fire provides cover for tactical advancement.

5. ""Adaptive Pressure"" × ""Continuous Engagement""
Connection: AI systems could maintain persistent pressure through evolving tactics while moving forward with objectives, parallel to infantry maintaining suppressive fire while advancing.

These relationships highlight how traditional tactical concepts can be reinterpreted through an AI warfare lens, maintaining the core principle of combining movement with continuous pressure.",
" **Sniper Trap:** The designated marksman employs calibrated sub-lethal rounds to induce non-fatal wounds, intentionally degrading enemy combat effectiveness and provoking enemy elements into pre-designated kill zones for subsequent concentrated engagement.
","Here are the key cross-mapped relationships between AI warfare and the Sniper Trap tactic:

1. AI Deception vs Staged Vulnerability
- An AI system could intentionally expose apparent weaknesses or vulnerabilities in its defenses, similar to how a sniper uses wounding shots to bait enemies into a trap
- The AI presents an attractive but false opportunity that leads adversary systems into compromising positions

2. Resource Drain vs Combat Degradation 
- AI could deploy tactics that gradually degrade enemy system performance and drain computational resources rather than attempting immediate destruction
- Like using sub-lethal rounds, this approach focuses on weakening capabilities over time to create exploitable vulnerabilities

3. Predictive Positioning vs Kill Zone Setup
- AI systems could use behavioral analysis and prediction to establish optimal ""digital kill zones"" where enemy systems are most vulnerable
- Similar to how snipers pre-designate kill zones based on likely enemy movement patterns

4. Cascading Effects vs Wound-Response Chain
- AI could trigger a calculated sequence of smaller disruptions that compound into larger strategic advantages
- Parallels how the sniper's initial wounding shot creates a predictable chain of enemy responses that can be exploited

5. Multi-Layer Trap vs Combined Arms Effect
- AI could coordinate multiple systems to create layered digital traps that become progressively more damaging as enemies respond
- Mirrors how the sniper tactic combines precise shooting with broader unit-level engagement",
" **Aid Salvo:** All artillery platforms, notably naval cannons, synchronize their initial discharge to generate a multi-faceted salvo. This simultaneous engagement disrupts enemy sensor capabilities and rapidly establishes accurate firing rangesâ€”an operational doctrine prevalent in early 20th-century naval warfare prior to the advent of precision-guided munitions.

","Let me create cross-mapped relationships between AI warfare concepts and Aid Salvo tactics:

1. Synchronized AI Systems → Initial Discharge
Connection: Multiple AI systems could be programmed to launch simultaneous cyber attacks across different networks, similar to how multiple artillery pieces fire together in an aid salvo. This coordinated digital barrage could overwhelm enemy cyber defenses just as synchronized cannon fire overwhelms physical defenses.

2. Sensor Disruption → AI Deception
Connection: Just as aid salvos disrupt enemy sensor capabilities, AI systems could generate massive amounts of false data and deceptive signals to confuse enemy detection systems and targeting capabilities. This creates a digital version of the sensory chaos that traditional aid salvos achieve.

3. Range Finding → Machine Learning Adaptation
Connection: While aid salvos help establish accurate firing ranges through multiple simultaneous impacts, AI systems could rapidly process the results of initial cyber probes to quickly identify vulnerable network entry points and optimal attack vectors, essentially ""finding the range"" in digital space.

4. Multi-Platform Coordination → Distributed AI Networks
Connection: The coordination of multiple artillery platforms in aid salvos parallels how distributed AI warfare systems could synchronize across different nodes and platforms to execute coordinated attacks, maximizing impact through precise timing and collective action.

5. Initial Battlefield Dominance → AI First-Strike Capability
Connection: Aid salvos aim to establish immediate battlefield superiority through overwhelming force; similarly, AI systems could be designed to achieve rapid digital dominance through coordinated first-strike capabilities across multiple domains simultaneously.

These cross-mapped relationships highlight how traditional military concepts can be reimagined and applied in the context of AI-driven warfare.",
" **Hold Down Position:** A main battle tank or similar armored asset assumes a low-profile posture by exploiting reverse slopes or natural cover, exposing only its weapon system. This minimizes its signature against hostile fire but inherently restricts mobility and rapid transition to offensive postures.
","Here are the cross-mapped relationships between AI warfare concepts and ""Hold Down Position"" tactics:

1. AI Signature Management ↔ Low Profile Posture
Connection: AI systems could dynamically mask their computational footprint and network activities similar to how tanks use terrain to minimize visible exposure, making it harder for enemy systems to detect and target their digital presence.

2. Defensive AI Positioning ↔ Limited Mobility Trade-off
Connection: AI systems could intentionally restrict their operational scope and capability range to maintain a more defensible security posture, similar to how a tank trades mobility for protection in a hold-down position.

3. AI Weapon System Exposure ↔ Selective Engagement
Connection: AI could selectively activate certain capabilities or interfaces while keeping core systems protected, mirroring how tanks in hold-down position only expose their weapon systems while protecting the hull.

4. Terrain Exploitation ↔ Digital Cover
Connection: AI could leverage digital ""terrain"" like network architecture and data structures to establish defensive positions, similar to how tanks use physical terrain for protection.

5. Transition Cost Assessment ↔ Offensive Repositioning
Connection: AI systems would need to calculate the risks/benefits of shifting from defensive to offensive postures, similar to how tanks must assess the tactical cost of breaking from their hold-down position.",
"**Creeping Barrage:** Artillery units deliver a continuously advancing curtain of fire in close coordination with infantry maneuvers. This time-phased, overlapping barrage suppresses enemy fortifications and troop concentrations, though it necessitates exacting synchronization to mitigate fratricide risks.
","Here are the key cross-mapped relationships between AI warfare concepts and Creeping Barrage tactics:

1. Synchronized AI Suppression
- AI systems could coordinate a ""digital barrage"" of cyber attacks, electronic warfare, and information operations that advance alongside conventional forces
- Like artillery rounds walking forward, AI-driven attacks could systematically suppress enemy networks and systems in a coordinated sequence

2. Precision Timing Control  
- AI could manage the intricate timing and positioning of both physical and cyber elements in modern creeping barrage operations
- Machine learning algorithms could optimize the spacing and progression rate based on real-time battlefield conditions

3. Predictive Targeting
- AI analysis of enemy patterns and behaviors could help anticipate where defensive positions and concentrations will be, allowing more effective barrage placement
- Machine learning models could dynamically adjust the barrage path based on predicted enemy movements

4. Fratricide Prevention
- AI systems could maintain precise deconfliction between friendly forces and the advancing barrage using real-time positioning data
- Automated safety systems could establish digital ""no-fire zones"" that move with friendly units

5. Multi-Domain Integration
- Rather than just artillery, AI could orchestrate a combined barrage across physical, cyber, and electromagnetic domains
- Different AI systems could synchronize effects across domains while maintaining cohesive forward momentum

These mappings show how AI could enhance and modernize the creeping barrage concept for hybrid warfare environments while preserving its core purpose of coordinated suppression to enable maneuver.",
" **Blitz:** A rapid, combined-arms thrust characterized by concentrated mechanized and armored units supported by integrated artillery and air assets. This maneuver aims to achieve a breakthrough via swift penetration rather than engaging in a prolonged, static frontal assault.
","Here are the key cross-mapped relationships between AI warfare and Blitz tactics:

1. Speed-Processing Connection:
Just as Blitz relies on rapid movement, AI systems could enable unprecedented speed in decision-making and battlefield responses, creating ""cognitive blitzkrieg"" scenarios where AI processes battlefield data and recommends actions faster than human opponents can react.

2. Combined-Arms Integration:
AI could coordinate multiple autonomous systems (air, ground, cyber) in perfect synchronization, similar to how Blitz warfare integrates different military branches, but with machine precision and split-second timing.

3. Breakthrough Pattern Recognition:
Where Blitz seeks weak points for breakthrough, AI systems could identify patterns and vulnerabilities in enemy defenses through real-time analysis of multiple data streams, directing forces to optimal penetration points.

4. Resource Concentration:
AI could dynamically concentrate computational resources and autonomous units at critical points, mirroring how Blitz concentrates mechanized forces for maximum impact.

5. Synchronized Operations:
Like Blitz's coordinated air-ground operations, AI could orchestrate multi-domain operations (cyber, electromagnetic, physical) in perfect synchronization, creating overwhelming pressure points in enemy defenses.

6. Adaptive Tactics:
Similar to how Blitz units must adapt to battlefield conditions, AI systems could continuously modify their approach based on real-time battlefield data, ensuring tactical flexibility while maintaining strategic momentum.",
"**Fox Holes:** Engineered defensive emplacements are dug and camouflaged for paired infantry teams. These positionsâ€”ranging from turret-like constructs to narrow, linear depressionsâ€”are optimized for ambush and rapid counterfire, enhancing survivability against enemy advances.
","Let me create cross-mapped relationships between AI warfare concepts and Fox Holes tactics:

1. ""AI Neural Networks × Fox Hole Positioning""
- Connection: AI systems could optimize fox hole placement by analyzing terrain data, sight lines, and historical combat data to determine the most effective positions for maximum coverage and survivability, similar to how neural networks find optimal patterns in complex datasets.

2. ""AI Predictive Analysis × Camouflage Techniques""
- Connection: AI systems could dynamically predict enemy observation patterns and movement routes, allowing for adaptive camouflage recommendations and real-time adjustments to fox hole concealment strategies.

3. ""AI Swarm Intelligence × Paired Infantry Teams""
- Connection: AI could coordinate multiple paired teams in fox holes to act as a networked system, sharing tactical information and coordinating responses like a distributed AI swarm system.

4. ""AI Pattern Recognition × Ambush Points""
- Connection: AI systems could analyze enemy movement patterns and behaviors to identify optimal timing and locations for ambush opportunities from fox hole positions, similar to how AI recognizes patterns in data.

5. ""AI Battlefield Simulation × Rapid Counterfire""
- Connection: AI could run real-time simulations of enemy approaches, allowing fox hole teams to preemptively position for optimal counterfire responses based on predicted enemy actions.",
"**Recon by Fire:** A probing tactic where small, agile elements engage suspected enemy positions with controlled fire. The resulting reaction serves as an indicator, thereby confirming enemy presence and facilitating real-time targeting data acquisition.
","Here are the cross-mapped relationships between AI warfare concepts and Recon by Fire tactics:

1. ""Digital Probing"" Connection:
AI systems could deploy small-scale cyber probes or queries to test enemy AI defenses, similar to how recon by fire uses controlled shots to provoke responses. The enemy AI's reaction patterns would reveal their defensive capabilities and positions.

2. ""Response Analysis"" Connection:
AI could analyze the microsecond-level responses of enemy systems to controlled digital stimuli, just as traditional recon by fire analyzes enemy reactions to physical shots. This provides real-time intelligence about adversary AI behavior patterns.

3. ""Resource Commitment"" Connection:
Like how recon by fire forces enemies to expend ammunition or reveal positions, AI systems could use minimal computational resources to force enemy AI to commit more substantial processing power, revealing their capabilities and limitations.

4. ""Pattern Recognition"" Connection:
AI systems could learn and identify enemy AI ""signatures"" from their responses to probing actions, similar to how recon by fire helps identify enemy unit types based on their return fire patterns.

5. ""Adaptive Testing"" Connection:
AI could dynamically adjust its probing strategies based on received responses, much like how recon by fire units modify their engagement patterns based on enemy reactions.",
"**Single Envelopment:** One operational unit executes a frontal engagement as a decoy, while a second division maneuvers laterally to envelop the enemyâ€™s rear and flanks. This bifurcated approach disrupts enemy logistics, communications, and reserve deployments.
","Here are the key cross-mapped relationships between AI warfare concepts and Single Envelopment tactics:

1. Primary Force & Digital Deception
- Using large-scale AI systems to create convincing digital decoys and false network traffic as the ""frontal engagement,"" while more specialized AI systems operate covertly

2. Flanking Movement & AI Infrastructure Targeting
- While defensive AI systems are occupied with obvious threats, specialized AI agents could maneuver through digital weak points to compromise enemy command & control systems

3. Disrupted Communications & AI Network Isolation
- Using AI systems to first engage and occupy enemy defenses while simultaneously working to isolate and segment their networks, cutting off coordination capabilities

4. Logistics Interdiction & Resource Denial
- AI systems could simultaneously engage defensive systems while other AI agents target computational resources and processing power, effectively ""enveloping"" enemy AI capabilities

5. Multi-Vector Pressure & System Overload
- Combining direct AI system engagement with indirect attacks on supporting infrastructure creates compounding pressure similar to physical envelopment tactics

These relationships demonstrate how traditional envelopment concepts could be adapted to AI-driven digital warfare while maintaining the core principle of coordinated direct and indirect pressure.",
" **Pincer Movement:** Central forces engage the enemy head-on while flank units perform lateral maneuvers to encircle adversary formations. This multidirectional assault forces the enemy to defend on multiple axes, ultimately leading to operational dislocation and encirclement.
","Here are the cross-mapped relationships between AI warfare concepts and the Pincer Movement tactic:

1. Digital-Physical Pincer:
AI systems could coordinate simultaneous cyber attacks on enemy networks while physical forces engage in traditional combat, creating a modern version of the pincer movement that traps opponents between digital and kinetic warfare domains.

2. Multi-Model Encirclement:
Different AI models (language, visual, tactical) could work in concert to surround an enemy's decision-making process - while one AI system engages their command directly, others could work to predict and counter their potential responses from multiple angles.

3. Data Flanking:
While primary AI systems engage enemy forces head-on through conventional combat analysis, secondary AI systems could work to gather, analyze, and exploit peripheral data streams to envelop the enemy's information space.

4. Algorithmic Dislocation:
AI systems could create simultaneous pressure on multiple aspects of enemy systems - targeting their data integrity, prediction models, and communication networks - forcing them to defend against multiple forms of algorithmic attacks while maintaining operational capability.

5. Temporal Pincer:
AI could execute attacks that combine immediate tactical engagement with longer-term strategic data manipulation, creating a temporal version of the pincer movement that traps enemies between present and future vulnerabilities.",
"*Oblique Order:** A maneuver that concentrates combat power on one flank by directing a disproportionate force at an oblique angle, thereby achieving a local superiority. This asymmetric application of force is designed to breach enemy defenses by undermining the integrity of the defensive line.
","Here are the key cross-mapped relationships between AI warfare and Oblique Order tactics:

1. ""Computational Concentration"" - Using AI to identify and focus overwhelming processing power on specific digital vulnerabilities, similar to how oblique order concentrates force on a single flank. The AI system could direct disproportionate cyber resources to breach network defenses at their weakest point.

2. ""Asymmetric Learning Attack"" - AI systems could be trained to identify and exploit specific gaps in enemy AI defenses, applying focused machine learning capabilities at an angle that opponents aren't prepared for, similar to how oblique order creates local superiority through angular attacks.

3. ""Algorithmic Breakthrough"" - Just as oblique order seeks to penetrate defensive lines at a specific point, AI systems could be designed to overwhelm and break through digital security measures by concentrating computational attacks at an oblique vector that defensive AI isn't optimized to handle.

4. ""Adaptive Force Distribution"" - AI could dynamically redistribute cyber resources and processing power to create local advantages, similar to how oblique order reallocates troops to achieve tactical superiority at a chosen point of attack.

5. ""Predictive Angle Analysis"" - AI systems could analyze and predict the most effective angles of cyber attack, much like how oblique order relies on identifying the optimal angle to strike enemy lines for maximum effect.",
" **Feigned Retreat:** A calculated, tactical withdrawal that simulates disintegration of friendly forces to lure the enemy into an exposed position. While effective in creating overextension, the maneuver demands strict discipline to avoid actual rout.
","Here are the key cross-mapped relationships between AI warfare and Feigned Retreat tactics:

1. ""AI System Playing Weak"" × ""Tactical Withdrawal""
- AI systems could deliberately display vulnerabilities or underperform in early engagements, luring adversary AI systems into overcommitting resources or revealing their capabilities, before executing a decisive counter-response.

2. ""Data Deception"" × ""Simulated Disintegration""
- AI could present falsified or degraded data streams that make its networks appear compromised or failing, while actually maintaining full operational capability and gathering intelligence on how adversaries respond.

3. ""Algorithmic Discipline"" × ""Avoiding Actual Rout""
- Precise algorithmic controls would ensure the feigned retreat remains coordinated and reversible, with clear trigger conditions for counter-attack, preventing simulation from becoming reality.

4. ""Distributed Systems"" × ""Luring to Exposed Position"" 
- AI networks could strategically ""collapse"" in certain nodes while maintaining hidden strength in others, drawing enemy forces into a position where they become vulnerable to distributed counter-attacks.

5. ""Learning Patterns"" × ""Calculated Withdrawal""
- AI systems could analyze enemy response patterns during controlled retreats, using machine learning to optimize the timing and method of withdrawal to maximize the likelihood of successful deception.",
" **Inverted Wedge:** A reverse echelon formation wherein the central element falls back under pressure while lateral units advance to envelop the enemy. This maneuver requires precise coordination to maintain flank integrity and exploit the enemyâ€™s momentary disorganization.
","Here are the key cross-mapped relationships between AI warfare concepts and the Inverted Wedge tactic:

1. AI Swarm Adaptation × Center Withdrawal
- AI swarm systems could dynamically reconfigure their formation, with central units strategically ""yielding"" while maintaining swarm cohesion, mimicking the inverted wedge's central withdrawal mechanism

2. Distributed Intelligence × Flank Coordination
- AI systems could enable perfect timing between advancing flank elements through distributed decision-making and real-time coordination across multiple autonomous units

3. Predictive Modeling × Enemy Disorganization
- AI could precisely model and predict how the enemy force will react to the apparent ""retreat,"" maximizing the psychological impact and tactical advantage of the inverted wedge maneuver

4. Network Resilience × Formation Integrity 
- AI-enabled units could maintain secure communication and tactical coherence even as the formation inverts, ensuring the maneuver remains coordinated despite complex unit movements

5. Autonomous Adaptation × Pressure Response
- AI systems could automatically detect pressure points and dynamically adjust the depth and timing of the central withdrawal while coordinating the flanking advances

These connections show how AI capabilities could enhance and evolve traditional inverted wedge tactics through improved coordination, prediction, and autonomous execution.",
" **Crossing the Tea:** A naval engagement tactic where a formation of warships executes a transversing maneuver in front of the enemy formation. This allows horizontally aligned vessels to deliver broadside salvos against vertically arranged adversary units, thereby limiting enemy counter-fire to fore-mounted weaponry.
","Here are the cross-mapped relationships between AI warfare and ""Crossing the Tea"" naval tactics:

1. AI Positioning vs Formation Control
- AI systems could optimize the precise timing and positioning of naval formations in real-time, calculating ideal angles and distances to maximize broadside effectiveness while minimizing exposure to enemy fire.

2. Predictive Analytics vs Tactical Advantage
- AI could predict and model enemy ship movements/formations to identify the perfect moment to execute the crossing maneuver, similar to how chess engines calculate optimal piece positioning.

3. Multi-System Coordination vs Fleet Synchronization  
- AI networks could coordinate multiple autonomous vessels in perfect synchronization during the crossing maneuver, maintaining optimal spacing and timing across the entire formation.

4. Targeting Intelligence vs Broadside Optimization
- AI targeting systems could maximize the effectiveness of broadside salvos by calculating exact firing solutions for each vessel's weapons while accounting for weather, sea conditions, and enemy evasive actions.

5. Counter-Measure Analysis vs Defensive Response
- AI could rapidly analyze enemy counter-measures and adjust the crossing formation in real-time to minimize vulnerability while maintaining offensive advantage.

6. Autonomous Decision Making vs Tactical Execution
- AI commanders could independently identify and execute crossing opportunities faster than human commanders while maintaining strategic objectives and ROE compliance.",
". **Bounding Overwatch:** An alternating advance technique in which one element maneuvers forward under the protective cover of a stationary overwatch team. Once a secure position is achieved, roles reverse, ensuring continuous suppressive fire and minimizing exposure to enemy engagement.
","Here are the cross-mapped relationships between AI warfare concepts and Bounding Overwatch tactics:

1. AI Team Coordination:
An AI-driven system could coordinate multiple autonomous units where some provide overwatch while others advance, perfectly timing the transitions and maintaining optimal coverage angles based on real-time battlefield analysis.

2. Predictive Risk Assessment:
AI systems could continuously analyze terrain and threat patterns to determine optimal overwatch positions and movement paths, maximizing protection while minimizing exposure.

3. Dynamic Role Switching:
AI units could seamlessly switch between overwatch and advancing roles based on evolving battlefield conditions, with machine learning optimizing the timing and execution of role transitions.

4. Suppressive Fire Optimization:
AI systems could calculate precise suppressive fire patterns while considering ammunition conservation, threat assessment, and friendly force positioning, ensuring maximum effectiveness of the overwatch element.

5. Multi-Sensor Integration:
AI overwatch units could integrate data from multiple sensors (thermal, radar, acoustic) to provide comprehensive battlefield awareness for advancing units, identifying threats that human observers might miss.

These relationships showcase how AI could enhance and optimize the traditional bounding overwatch tactic through advanced coordination, prediction, and real-time adaptation capabilities.",
" **Ambush:** Concealed forces deploy in tactically advantageous terrain and await the enemyâ€™s ingress. Upon detection, they execute a rapid, concentrated attack to disrupt enemy cohesion and inflict significant casualties before the adversary can organize an effective countermeasure.
","Here are the cross-mapped relationships between AI warfare and ambush tactics:

1. ""Digital Terrain Exploitation"" - AI systems could identify and exploit optimal virtual ambush points in network architectures, waiting for specific data patterns or system vulnerabilities before launching concentrated cyber attacks.

2. ""Predictive Concealment"" - AI could analyze patterns to predict when systems are most vulnerable and automatically adjust its offensive timing, similar to choosing the perfect moment for a physical ambush.

3. ""Rapid Response Coordination"" - Multiple distributed AI agents could remain dormant but coordinated, triggering simultaneous attacks across different digital vectors when optimal conditions are detected, mirroring synchronized ambush tactics.

4. ""Counter-detection Adaptation"" - AI systems could dynamically adjust their signatures to remain undetected while gathering intelligence, then rapidly shift to offensive operations when triggering conditions are met.

5. ""Resource Concentration"" - AI could quietly accumulate and concentrate computational resources in preparation for a massive burst of coordinated activity, similar to massing forces for an ambush.

These connections highlight how traditional ambush principles could be adapted into AI-enabled cyber warfare strategies while maintaining the core concepts of concealment, timing, and concentrated effect.",
" **Skirmishing:** Lightly organized, mobile infantry units engage in dispersed, hit-and-run combat ahead of the main force. This tactic is intended to delay enemy advances, inflict attritional damage, and disrupt the momentum of a larger, more coordinated assault.
","Here are the cross-mapped relationships between AI warfare and skirmishing tactics:

1. AI Swarm Probing ↔ Hit-and-Run Combat
Relationship: Small autonomous AI systems could be deployed in loose formations to probe enemy defenses and quickly withdraw, similar to traditional skirmishing units, gathering intelligence while causing disruption.

2. Distributed AI Networks ↔ Dispersed Units
Relationship: AI systems operating in decentralized networks mirror the dispersed nature of skirmishing forces, making them resilient to counterattacks and difficult to neutralize completely.

3. Rapid AI Adaptation ↔ Mobile Infantry
Relationship: AI systems could rapidly adapt their tactics and responses based on enemy patterns, similar to how mobile skirmishers adjust their positioning and tactics on the fly.

4. AI Attrition Algorithms ↔ Delaying Actions
Relationship: AI systems could be programmed to execute calculated, resource-depleting engagements, similar to how skirmishers wear down advancing forces through persistent harassment.

5. Predictive Analysis ↔ Disruption Tactics
Relationship: AI systems could predict and exploit enemy vulnerabilities in real-time, similar to how skirmishers identify and exploit gaps in enemy formations to create maximum disruption.",
" **Trench Raiding:** A specialized offensive operation, primarily from the World War I era, where small, elite teams execute covert night-time infiltrations into enemy trench systems. Objectives include neutralizing sentries, employing close-quarters demolition techniques, and seizing critical intelligence or materiel while minimizing the risk of friendly fire.
","Here are the cross-mapped relationships between AI warfare concepts and Trench Raiding tactics:

1. Stealthy AI Infiltration | Night Operations
Connection: AI systems could mimic the covert nature of trench raids by infiltrating enemy networks during low-activity periods, similar to how raiders exploited darkness for concealment.

2. AI Intelligence Gathering | Prisoner Capture
Connection: Just as trench raiders captured enemies for intelligence, AI systems could execute targeted data extraction operations, capturing valuable information while maintaining operational secrecy.

3. Digital Demolition | Trench Destruction
Connection: Where trench raiders used explosives to destroy physical infrastructure, AI systems could deploy targeted ""digital demolition"" to disrupt enemy command systems and communication networks.

4. Small Team Tactics | Distributed AI Agents
Connection: Like small raiding parties operating independently, distributed AI agents could work in coordinated small groups to penetrate defenses and achieve specific objectives.

5. Quick Strike/Quick Withdrawal | Hit-and-Run Cyber Operations
Connection: The rapid entry and exit characteristic of trench raids mirrors how modern AI systems could execute swift cyber strikes, completing objectives before enemy defenses can respond.

6. Close-Quarter Combat | Proximate System Engagement
Connection: Just as trench raiders excelled in intimate combat scenarios, AI systems could be specialized for close-range digital warfare, operating effectively within enemy systems once infiltrated.

7. Mission-Specific Equipment | Specialized AI Tools
Connection: Like raiders carrying specific tools for their mission, AI systems could be equipped with specialized algorithms and capabilities tailored to specific infiltration objectives.

These relationships demonstrate how historical tactical concepts can inform modern AI warfare strategies.",
" **Swarming:** An operational doctrine wherein multiple semi-autonomous units conduct simultaneous, multi-angled assaults on a primary target. This irregular and dispersed engagement overwhelms enemy defenses by creating simultaneous threats, a tactic particularly effective in asymmetric warfare.
","Here are the key cross-mapped relationships between AI warfare and swarming tactics:

1. AI-Driven Swarm Coordination: AI systems could coordinate massive numbers of autonomous drones or robots, enabling them to execute complex swarming patterns and adapt tactics in real-time based on battlefield conditions.

2. Distributed Intelligence Networks: Multiple AI nodes could operate semi-independently while maintaining swarm cohesion, similar to how individual units in a swarm maintain coordination without central control.

3. Algorithmic Attack Patterns: AI could optimize swarm attack vectors and timing, calculating countless possible approach patterns to maximize effectiveness against defenses.

4. Adaptive Threat Response: AI-powered swarms could rapidly adjust their behavior based on enemy countermeasures, with each unit learning and sharing tactical information across the network.

5. Multi-Domain Swarming: AI could coordinate swarms across different domains (air, land, sea, cyber) simultaneously, creating overwhelming multi-dimensional pressure points.

6. Resource Optimization: AI systems could dynamically allocate swarm resources, redirecting units to where they're most needed and managing attrition intelligently.

7. Emergent Behavior Exploitation: AI could identify and leverage unexpected emergent patterns in swarm behavior to create novel tactical advantages.

8. Deception Operations: AI-controlled swarms could execute complex feints and deceptions, using some units to mask the true objectives of others.",
" **Flying Wedge:** A formation tactic where units assume a triangular, wedge-shaped configuration during advance. This formation optimizes front-line situational awareness and concentrated firepower, facilitating rapid penetration and maintaining effective command and control throughout the engagement.
","Here are the key cross-mapped relationships between AI warfare concepts and the Flying Wedge tactic:

1. AI Swarm Architecture → Wedge Formation
Connection: AI swarm algorithms could optimize the classic wedge formation by dynamically adjusting the triangle's shape and density based on real-time battlefield conditions, maintaining optimal spacing and coordination between units.

2. Distributed AI Processing → Command and Control
Connection: AI systems distributed across the wedge formation could create a neural network-like structure where each unit shares processing power and battlefield data, enabling faster decision-making and improved tactical responses.

3. Predictive AI Analytics → Penetration Dynamics
Connection: AI systems could predict optimal penetration paths and automatically adjust the wedge formation's angle and momentum to exploit emerging weaknesses in enemy lines.

4. AI Sensor Fusion → Situational Awareness
Connection: Multiple AI systems across the wedge formation could combine sensor data to create a comprehensive battlefield picture, enhancing the traditional situational awareness advantages of the wedge formation.

5. Autonomous Unit Coordination → Formation Maintenance
Connection: AI-enabled units could maintain perfect wedge geometry through autonomous positioning algorithms, adapting to losses or obstacles while preserving the formation's tactical advantages.",
" **Defeat in Detail:** A strategy that intentionally fragments the enemy force, engaging isolated segments sequentially rather than facing the entire enemy mass at once. This piecemeal engagement prevents the concentration of enemy firepower and enables exploitation of localized superiority.
","Here are the key cross-mapped relationships between AI warfare and Defeat in Detail strategy:

1. AI Model Architecture vs Enemy Fragmentation:
Using specialized AI models to target different aspects of enemy capabilities (communications, logistics, command structure) separately rather than attempting to counter their full strength simultaneously.

2. Data Processing vs Sequential Engagement:
AI systems could identify and prioritize isolated enemy elements, creating an optimized sequence of smaller engagements rather than one large battle.

3. Resource Allocation vs Local Superiority:
AI-driven resource management could rapidly shift computational power and digital assets to achieve overwhelming superiority in specific network segments or battlespace domains.

4. Network Disruption vs Force Division:
Using AI to identify and exploit critical nodes in enemy networks, effectively splitting their integrated systems into manageable, isolated components.

5. Adaptive Learning vs Exploitation:
AI systems could learn from each sequential engagement, improving tactics for subsequent encounters with fragmented enemy forces.

Would you like me to elaborate on any of these relationships?",
" **Air Interdiction:**  
â€ƒ- **Tactical Air Interdiction:** Precision air strikes target key supply routes and logistical nodes to immediately disrupt enemy combat operations.  
â€ƒ- **Strategic Air Interdiction:** Extended air operations focus on disabling critical infrastructureâ€”such as bridges and road networksâ€”to degrade the enemyâ€™s broader operational capabilities over time.
","Let me create cross-mapped relationships between AI warfare concepts and Air Interdiction tactics:

Tactical Air Interdiction × AI Warfare:
- AI systems could provide real-time targeting optimization for precision strikes, using predictive analytics to identify the most crucial supply chain vulnerabilities and calculating optimal timing for maximum disruption of enemy operations
- AI-powered swarm drones could execute coordinated tactical interdiction missions, simultaneously striking multiple logistical nodes while minimizing risks to human pilots
- Machine learning algorithms could rapidly adapt targeting patterns based on observed enemy responses to previous interdiction attempts

Strategic Air Interdiction × AI Warfare:
- AI systems could model long-term infrastructure degradation effects, providing strategic planners with detailed forecasts of how destroying specific nodes will cascade through enemy systems over time
- Autonomous systems could maintain persistent surveillance of rebuilt infrastructure, automatically identifying and targeting repair efforts to maintain long-term disruption
- AI could integrate multiple intelligence sources to identify previously unknown critical infrastructure dependencies, revealing high-value strategic targets that might be missed by human analysis

These connections highlight how AI could enhance both the immediate tactical and longer-term strategic aspects of air interdiction operations through improved targeting, coordination, and effects prediction.",
" **Siege:** A protracted operation aimed at isolating and neutralizing an enemy stronghold. By severing logistical and reinforcement avenues, the besieging force forces the enemy into submission or weakens its defensive capacity.  
â€ƒ- **Circumvallation:** The construction of a complete, continuous network of defensive fortifications around the besieged area to prevent external resupply or reinforcement.  
â€ƒ- **Contravallation:** The establishment of an outer defensive ring designed to protect besieging forces from enemy counterattacks by potential relieving forces.

","Here are the cross-mapped relationships between AI warfare concepts and siege tactics:

1. AI Warfare × Siege
- AI systems could conduct ""digital sieges"" by isolating enemy networks, cutting off information flows and digital resources rather than physical supplies
- Continuous AI-driven cyber operations could maintain persistent pressure on enemy systems, similar to traditional siege warfare's war of attrition

2. AI Warfare × Circumvallation
- AI systems could create ""digital containment rings"" through distributed denial of service attacks, firewalls, and network interdiction to prevent external digital support reaching target systems
- Automated cyber defenses could maintain a constant digital barrier around isolated enemy networks, similar to physical defensive fortifications

3. AI Warfare × Contravallation
- AI defensive systems could establish outer protective layers to defend against counter-cyber attacks while offensive operations continue
- Machine learning algorithms could adapt defensive postures in real-time to protect attacking systems from relief efforts by enemy AI or human cyber forces

These relationships highlight how traditional siege warfare concepts could be adapted to AI-driven cyber warfare, maintaining similar strategic principles while operating in the digital domain.",
"**Mous Holing:** An urban assault technique in which forces create breaches in solid structures (e.g., walls) to access adjacent buildings. These narrow entry points are tactically exploited to channel enemy forces into constrained kill zones.
","Here are the key cross-mapped relationships between AI warfare concepts and Mouse Holing tactics:

1. Digital Breach Points:
AI systems could identify optimal breach points in digital infrastructure similar to physical mouse holes, creating targeted vulnerabilities in enemy networks that force data flows through predictable channels for interception.

2. Algorithmic Channeling:
Just as mouse holing creates predictable physical pathways, AI could design digital ""choke points"" in enemy systems that funnel their communications/operations through controlled corridors for disruption.

3. Automated Breach Exploitation:
AI systems could rapidly exploit small network vulnerabilities (digital ""mouse holes"") through automated penetration and expansion, similar to how forces expand physical breach points.

4. Pattern-Based Kill Zones:
AI could establish digital ""kill zones"" by predicting and manipulating enemy behavior patterns through artificially created network bottlenecks, mirroring the constrained spaces in mouse holing.

5. Dynamic Breach Generation:
AI could continuously generate and exploit new digital entry points as others are discovered and patched, maintaining persistent access similar to creating multiple mouse holes in urban combat.

6. Predictive Breach Analysis:
AI systems could analyze and predict optimal digital breach points based on network architecture, similar to how forces analyze structural weaknesses for physical mouse holing.",
"**Air Assault:** A vertical envelopment maneuver utilizing rotary-wing aircraft for rapid insertion of infantry units behind enemy lines. This tactic disrupts enemy rear operations and command structures, forcing a realignment of defensive priorities.
","Here are the cross-mapped relationships between AI warfare and Air Assault tactics:

1. Swarm AI + Vertical Envelopment
- AI-controlled drone swarms could execute coordinated vertical insertions from multiple angles, overwhelming air defenses and creating multiple simultaneous penetration points that mimic traditional helicopter-based air assault but with greater precision and acceptable loss tolerance.

2. Predictive Analysis + Landing Zone Selection
- AI systems could process real-time sensor data, terrain analysis, and enemy activity patterns to identify optimal landing zones, calculating risk factors and success probabilities far faster than human planners.

3. Electronic Warfare Integration + Command Disruption
- AI could coordinate electromagnetic spectrum attacks in sync with physical air assault movements, creating information blackouts in enemy command networks precisely when physical forces arrive.

4. Autonomous Close Air Support + Rear Area Operations
- AI-powered support aircraft could provide continuous precision fire support for inserted troops, adapting to battlefield changes and maintaining persistent coverage without human pilot limitations.

5. Network-Centric Operations + Force Realignment
- AI systems could model and predict how enemy forces will redistribute to counter the air assault, then automatically adjust friendly unit positioning and support fires to exploit created vulnerabilities.",
" **Tank Descent:** An integrated maneuver where infantry temporarily ride atop armored vehicles during rapid advances. Upon reaching the assault phase, they dismount to provide immediate ground support while simultaneously shielding the vehicle from anti-tank countermeasures.
","Here are the key cross-mapped relationships between AI warfare and Tank Descent tactics:

1. AI Swarm Protection → Tank Infantry Synergy
The AI could coordinate swarms of smaller autonomous units that protect larger systems, similar to how infantry protects tanks from close-range threats. The AI swarm acts as the ""dismounted troops"" guarding critical assets.

2. Rapid Computational Adaptation → Dynamic Mounting/Dismounting
AI systems could rapidly switch between different operational modes based on threat assessment, mirroring how troops transition between mounted and dismounted operations for tactical advantage.

3. Distributed Intelligence Networks → Combined Arms Integration
Like how infantry and tanks work as an integrated system, AI warfare could involve networks of specialized AI agents that combine capabilities while maintaining individual operational roles.

4. Resource Optimization → Force Multiplication
AI could optimize when and where to concentrate forces, similar to how Tank Descent maximizes the impact of both infantry and armor by combining their movement until the critical moment.

5. Predictive Threat Response → Tactical Flexibility 
Just as Tank Descent allows for rapid response to emerging threats, AI systems could predict and preemptively adjust force disposition before threats materialize.",
" **Marching Fire:** A suppressive technique wherein advancing infantry continuously deliver small arms fire while in motion. This tactic forces enemy forces to adopt a defensive posture, thereby reducing their capacity to mount an effective counteroffensive.
","Here are the cross-mapped relationships between AI warfare and Marching Fire tactics:

1. ""Continuous Data Stream"" × ""Advancing Infantry""
Connection: AI systems could maintain a constant stream of deceptive data/signals while advancing through digital space, similar to how infantry maintains suppressive fire while moving forward.

2. ""Digital Suppression"" × ""Reduced Enemy Response""
Connection: AI could flood enemy systems with numerous low-level cyber threats, overwhelming their defense mechanisms and limiting their ability to mount effective counter-cyber operations.

3. ""Forward Momentum"" × ""Continuous Fire""
Connection: AI systems could maintain persistent pressure through simultaneous multiple attack vectors while advancing deeper into enemy networks, mirroring the concept of maintaining fire while moving.

4. ""Defensive Posture Forcing"" × ""Network Movement""
Connection: AI could force enemy systems into resource-intensive defensive operations, limiting their offensive capabilities while simultaneously advancing through their digital infrastructure.

5. ""Mobile Attack Surface"" × ""Suppressive Effect""
Connection: AI systems could create moving patterns of network interference that keep enemy cyber defenses occupied while executing primary objectives, similar to how marching fire keeps enemy heads down.",
" **Center Peel:** A controlled extraction maneuver in which a small infantry element disengages from the main force to avoid overextension. Employing principles similar to bounding overwatch, this technique facilitates secure withdrawal while maintaining operational cohesion.
","Here are the key cross-mapped relationships between AI warfare concepts and the Center Peel tactic:

1. AI Swarm Management × Controlled Extraction
- AI systems could coordinate the systematic withdrawal of autonomous units using distributed decision-making, similar to how infantry elements conduct organized retreats in center peel maneuvers

2. AI Risk Mitigation × Operational Cohesion
- Just as center peel maintains unit integrity during withdrawal, AI systems could employ fallback protocols that preserve critical operational capabilities while scaling down engagement

3. Computational Resource Management × Disengagement Control
- AI could optimize the staged reduction of computational resources and processing power in parallel with how center peel manages the controlled extraction of combat elements

4. Multi-Agent Coordination × Bounding Overwatch
- AI systems could implement dynamic coverage patterns between withdrawing and supporting units, mirroring how infantry elements provide mutual support during center peel

5. Distributed Intelligence × Small Unit Tactics
- The distribution of AI processing and decision-making across multiple nodes reflects how center peel breaks down larger units into smaller, more manageable elements during withdrawal

Each of these connections shows how AI warfare concepts could adapt and enhance traditional infantry tactics like the center peel maneuver through automated coordination and optimization.",
" **Defense in Depth:** A layered defensive strategy that establishes multiple, interlocking lines of resistance across a broad front. By forcing the enemy to spread their forces thinly over several defensive positions, this tactic creates opportunities for localized counterattacks against isolated enemy segments.
","Here are the key cross-mapped relationships between AI warfare concepts and Defense in Depth:

1. Multiple AI Models as Defense Layers
- Using different types of AI models (language, vision, tactical) as successive defensive layers
- Each AI layer specializes in different threats, creating redundancy
- If one AI system is compromised, others remain functional

2. Distributed AI Processing
- Spreading AI computational resources across multiple locations
- No single point of failure
- Allows for continued operations even if some nodes are lost

3. AI Counter-Response Systems
- AI systems dedicated to detecting and responding to breaches
- Automated counterattacks triggered when vulnerabilities are exploited
- Dynamic reallocation of AI resources to strengthen compromised areas

4. AI-Enabled Early Warning Network
- Multiple layers of AI sensors and analysis systems
- Each layer provides different types of threat detection
- Creates comprehensive situational awareness across the defensive depth

5. Adaptive AI Defense Reconfiguration
- AI systems automatically adjusting defensive postures based on threats
- Dynamic reallocation of computational resources
- Real-time optimization of defensive layers based on attack patterns",
" **Scorched Earth:** A strategic withdrawal doctrine wherein retreating forces systematically destroy infrastructure, supplies, and other assets that could be exploited by the enemy. This tactic, historically exemplified by Russian operations in World War II, leverages environmental and logistical degradation to impede enemy advances.} 
","Here are the cross-mapped relationships between AI warfare and Scorched Earth tactics:

1. Data Poisoning as Digital Scorched Earth
- Just as traditional scorched earth destroys physical resources, AI systems could intentionally corrupt or poison training data before withdrawal, making any captured datasets harmful or unusable for enemy AI systems.

2. Model Architecture Destruction
- Similar to destroying infrastructure during retreat, AI systems could be programmed to systematically corrupt their own neural architectures and weights when compromised, preventing enemy forces from reverse engineering or repurposing captured AI systems.

3. Digital Resource Denial
- AI systems could automatically encrypt or destroy digital assets, computational resources, and network infrastructure as forces withdraw, creating a ""digital wasteland"" that denies the enemy useful computational capabilities.

4. Automated Deception Trails
- Like how scorched earth leaves behind devastation, AI could generate massive amounts of false data, deceptive patterns, and misleading information trails during withdrawal to confuse and slow enemy AI analysis systems.

5. Self-Destructing Knowledge Bases
- Drawing parallel to destroying supplies, AI systems could be designed with distributed knowledge bases that systematically fragment and destroy themselves when triggered, preventing enemy forces from accessing critical information and training data.

These relationships highlight how traditional scorched earth principles could be adapted for AI warfare contexts while maintaining the core strategic concept of denial through destruction.",
